ISO3,Name,1990,1991,1992,1993,1994,1995,1996,1997,1998,1999,2000,2001,2002,2003,2004,2005,2006,2007,2008,2009,2010,2011,2012,2013,2014,2015,2016,2017,2018,2019
AFG,Afghanistan,2.603,2.427,1.379,1.333,1.282,1.23,1.165,1.084,1.029,0.81,0.758,0.798,1.052,1.186,0.889,1.303,1.635,2.269,4.2,6.74,8.398,12.106,10.219,8.441,7.774,7.904,6.745,6.86,10.453,10.72
ALB,Albania,5.445,4.228,2.495,2.316,1.913,2.066,1.993,1.532,1.744,2.975,3.004,3.221,3.748,4.232,4.104,4.199,3.844,3.829,4.272,4.254,4.448,5.031,4.668,4.928,5.621,4.532,4.496,5.404,5.403,5.579
DZA,Algeria,76.737,78.805,79.882,81.942,86.147,94.982,96.786,87.004,106.621,91.668,87.443,83.781,89.407,91.048,87.853,106.473,100.201,108.4,109.032,120.186,117.814,119.807,128.11,132.435,143.221,150.818,148.839,153.448,164.309,171.707
AND,Andorra,0.407,0.407,0.407,0.41,0.407,0.425,0.454,0.465,0.491,0.513,0.524,0.524,0.531,0.535,0.561,0.575,0.546,0.539,0.539,0.517,0.517,0.491,0.487,0.476,0.462,0.465,0.469,0.465,0.464,0.47
AGO,Angola,5.089,5.063,5.165,5.748,3.866,10.948,10.425,7.348,7.27,9.13,9.515,9.672,12.598,8.988,18.702,19.006,22.102,24.976,25.486,27.566,28.864,30.33,33.801,33.229,44.249,33.979,34.111,37.471,37.679,38.02
AIA,Anguilla,0.051,0.051,0.055,0.066,0.066,0.066,0.07,0.07,0.077,0.081,0.088,0.095,0.095,0.103,0.121,0.128,0.143,0.15,0.15,0.147,0.15,0.143,0.143,0.117,0.139,0.154,0.154,0.143,0.147,0.143
ATG,Antigua and Barbuda,0.22,0.213,0.209,0.216,0.216,0.224,0.238,0.256,0.271,0.282,0.293,0.297,0.33,0.352,0.366,0.374,0.385,0.407,0.418,0.443,0.454,0.443,0.458,0.462,0.462,0.48,0.491,0.491,0.506,0.492
ARG,Argentina,112.079,117.506,121.231,117.777,122.229,127.765,134.762,137.641,139.452,147.285,142.358,134.004,124.392,134.631,157.043,161.434,174.609,174.246,188.106,178.949,186.733,190.274,191.715,190.152,188.697,192.366,190.93,187.416,185.03,178.94
ARM,Armenia,18.212,18.92,5.86,2.574,2.715,3.432,2.593,3.266,3.397,3.048,3.491,3.533,3.077,3.456,3.691,4.376,4.402,5.1,5.575,4.363,4.253,4.969,5.748,5.535,5.56,5.072,5.159,5.485,6.297,6.006
ABW,Aruba,0.487,0.531,0.539,0.649,0.66,0.707,0.725,0.758,0.806,0.81,2.378,2.407,2.437,2.561,2.616,2.719,2.715,2.821,2.656,2.627,2.506,2.499,1.348,0.861,0.872,0.898,0.883,0.916,0.943,0.919
AUS,Australia,278.425,279.873,284.912,289.235,294.015,305.41,312.362,320.795,334.685,344.064,350.195,357.669,362.21,369.726,383.205,386.513,392.681,399.842,404.417,407.463,405.503,404.173,406.506,397.943,394.117,401.555,411.032,415.097,415.954,411.016
AUT,Austria,62.125,65.726,60.204,60.635,61.002,64.065,67.422,67.233,66.875,65.563,66.163,70.103,71.919,77.554,77.674,79.192,76.898,74.263,73.588,67.494,72.012,69.898,67.209,67.746,64.084,66.283,67.112,69.629,66.72,68.495
AZE,Azerbaijan,51.947,51.166,56.183,48.413,41.95,33.312,31.243,29.805,31.665,28.57,29.506,28.793,29.642,30.627,32.078,34.286,39.109,30.458,35.451,31.857,30.633,32.976,35.048,35.215,36.975,37.199,37.278,36.498,37.488,39.82
BHS,Bahamas,1.839,1.843,1.85,1.759,1.748,1.74,1.729,1.528,1.909,1.953,1.949,1.869,1.927,1.964,1.971,1.828,1.777,1.795,2.36,1.608,2.389,1.803,1.909,2.884,2.363,2.041,1.795,1.971,2.03,1.979
BHR,Bahrain,12.405,11.855,10.874,14.61,14.756,14.787,15.59,17.288,18.366,17.988,18.794,14.078,15.868,16.771,17.882,19.803,19.42,26.77,29.682,28.098,29.075,28.637,27.328,31.187,31.148,32.672,31.397,32.771,31.594,34.354
BGD,Bangladesh,14.082,14.741,15.38,16.062,17.538,21.042,21.492,23.126,23.198,25.076,26.525,31.035,31.981,33.459,35.945,37.677,41.689,42.642,45.301,49.148,53.992,56.556,60.691,61.782,65.979,72.835,75.857,80.324,85.719,102.162
BRB,Barbados,1.07,1.202,0.975,1.099,0.74,0.806,0.825,0.891,1.1,1.162,1.152,1.186,1.2,1.245,1.27,1.319,1.343,1.363,1.612,1.597,1.464,1.516,1.459,1.438,1.263,1.262,1.285,1.171,1.207,1.187
BLR,Belarus,103.69,96.647,88.662,76.38,62.368,57.375,58.215,58.721,57.372,54.984,54.877,54.968,55.078,56.485,60.076,61.367,64.157,63.57,65.695,61.403,63.156,62.107,63.008,63.743,63.084,58.633,60.285,60.743,61.872,62.484
BEL,Belgium,120.309,123.382,122.508,121.444,124.817,125.956,129.497,124.002,130.227,124.719,126.735,126.085,126.879,128.275,128.805,125.662,123.906,120.496,120.203,107.743,114.561,105.046,102.429,102.674,96.811,100.981,99.807,99.456,100.208,99.709
BLZ,Belize,0.311,0.407,0.355,0.377,0.374,0.377,0.308,0.388,0.37,0.348,0.396,0.447,0.432,0.432,0.392,0.421,0.443,0.476,0.436,0.517,0.539,0.557,0.451,0.476,0.469,0.641,0.608,0.616,0.612,0.633
BEN,Benin,0.681,0.792,0.865,1.087,1.222,1.274,1.231,1.198,1.194,1.542,1.574,1.79,2.053,2.328,2.481,2.367,3.711,4.32,4.255,4.508,4.939,4.887,4.639,4.883,5.217,6.076,6.74,7.425,7.76,7.998
BMU,Bermuda,0.502,0.539,0.462,0.539,0.531,0.531,0.528,0.524,0.52,0.513,0.517,0.528,0.557,0.561,0.583,0.583,0.652,0.729,0.649,0.476,0.608,0.443,0.366,0.535,0.671,0.539,0.619,0.63,0.649,0.632
BTN,Bhutan,0.128,0.176,0.205,0.173,0.201,0.236,0.285,0.377,0.367,0.371,0.382,0.369,0.402,0.361,0.29,0.378,0.373,0.372,0.401,0.368,0.464,0.667,0.772,0.853,0.948,0.966,1.153,1.257,1.662,1.707
BOL,Bolivia,5.727,5.974,6.622,7.792,8.592,9.799,9.775,10.883,10.924,10.376,11.005,8.561,10.328,11.011,11.018,12.07,14.921,12.177,13.041,13.498,14.641,16.038,18.119,18.426,19.618,19.421,20.693,21.811,22.346,22.575
BES,Bonaire Sint Eustatius and Saba,0.244,0.195,0.16,0.248,0.237,0.235,0.22,0.23,0.013,0.095,0.252,0.257,0.248,0.248,0.26,0.258,0.269,0.302,0.291,0.298,0.205,0.262,0.311,0.322,0.322,0.326,0.33,0.333,0.343,0.334
BIH,Bosnia and Herzegovina,19.414,13.735,15.028,12.579,3.204,3.403,4.238,8.365,10.551,10.334,13.701,13.264,14.173,14.35,15.462,16.046,17.387,17.474,19.959,20.537,21.146,23.761,22.136,21.801,19.311,18.461,21.733,21.792,22.086,26.621
BWA,Botswana,2.7,2.634,2.777,3.195,3.03,3.045,2.755,2.799,3.342,3.158,3.778,3.847,3.975,3.825,3.895,4.093,4.133,4.228,4.503,3.856,4.536,4.029,5.077,5.663,6.85,5.425,6.333,7.059,6.815,6.316
BRA,Brazil,206.921,217.228,218.383,228.333,239.471,255.584,281.195,296.585,308.306,316.282,324.226,332.987,327.435,317.508,333.675,342.086,341.946,356.919,380.345,360.091,411.24,429.959,460.098,495.047,523.894,495.214,478.443,484.588,466.649,465.716
VGB,British Virgin Islands,0.066,0.073,0.084,0.088,0.099,0.11,0.117,0.117,0.121,0.121,0.125,0.128,0.136,0.147,0.161,0.18,0.183,0.187,0.191,0.191,0.198,0.202,0.202,0.202,0.213,0.213,0.213,0.169,0.174,0.169
BRN,Brunei,6.188,5.305,5.21,4.965,4.69,4.785,4.741,4.932,5.159,3.803,4.591,4.389,4.254,4.47,4.873,4.869,4.738,8.31,8.991,7.746,8.061,9.545,9.493,7.628,8.926,6.954,7.544,9.552,9.56,9.089
BGR,Bulgaria,76.699,61.233,57.01,57.676,56.084,57.716,58.108,55.861,53.275,46.37,45.305,49.014,46.259,50.51,49.571,50.656,51.895,55.741,54.08,45.774,47.863,53.178,48.349,42.65,45.169,48.194,45.354,47.505,43.552,42.006
BFA,Burkina Faso,0.583,0.627,0.63,0.627,0.645,0.624,0.704,0.803,0.858,0.914,1.031,0.992,1.001,1.074,1.1,1.122,1.356,1.591,1.735,1.83,2.037,2.13,2.62,2.864,2.912,3.298,3.381,3.938,4.14,4.301
BDI,Burundi,0.209,0.238,0.216,0.227,0.234,0.238,0.242,0.249,0.249,0.253,0.271,0.205,0.213,0.161,0.198,0.154,0.183,0.202,0.209,0.169,0.297,0.355,0.38,0.399,0.377,0.392,0.443,0.549,0.568,0.58
KHM,Cambodia,1.26,1.304,1.348,1.385,1.467,1.54,1.597,1.525,1.935,1.894,1.975,2.25,2.206,2.378,2.444,2.774,2.997,3.452,3.805,4.566,5.031,5.105,5.334,5.476,6.516,8.446,9.724,11.186,15.479,16.027
CMR,Cameroon,0.627,0.056,2.726,2.88,2.84,3.203,3.592,3.156,3.137,2.998,3.346,3.325,3.324,3.698,3.85,3.591,3.752,5.702,5.426,6.595,6.662,6.521,6.158,5.069,6.85,7.744,8.26,7.53,7.567,7.593
CAN,Canada,462.117,452.495,467.037,467.406,482.437,494.92,510.737,524.789,533.64,549.553,572.162,564.946,570.845,587.178,585.703,576.434,570.95,594.221,575.587,542.55,555.55,566.741,569.737,576.327,575.942,575.907,564.033,572.834,586.505,576.651
CPV,Cape Verde,0.095,0.099,0.106,0.11,0.114,0.121,0.143,0.147,0.158,0.183,0.216,0.234,0.275,0.308,0.33,0.44,0.473,0.506,0.469,0.52,0.557,0.616,0.502,0.495,0.487,0.491,0.539,0.579,0.61,0.634
CAF,Central African Republic,0.198,0.205,0.216,0.224,0.234,0.234,0.234,0.245,0.249,0.264,0.267,0.245,0.245,0.234,0.234,0.234,0.249,0.253,0.253,0.253,0.264,0.278,0.293,0.286,0.289,0.293,0.297,0.297,0.3,0.308
TCD,Chad,0.377,0.385,0.407,0.403,0.407,0.421,0.436,0.451,0.462,0.476,0.487,0.502,0.509,0.744,0.747,0.766,0.791,0.854,0.927,0.942,0.997,1.118,0.614,0.655,0.989,0.696,0.993,0.997,1.008,1.03
CHL,Chile,32.882,31.137,32.202,34.259,37.74,41.09,47.628,55.45,56.807,60.907,58.114,52.576,54.49,54.884,59.047,60.947,63.972,70.707,70.819,65.92,71.33,78.084,79.704,81.692,77.423,81.633,84.154,84.062,85.829,84.267
CHN,China,2420.789,2538.03,2653.192,2835.795,3010.242,3265.057,3408.347,3414.549,3265.903,3258.135,3349.295,3426.144,3782.439,4452.31,5125.894,5771.168,6377.748,6861.751,7375.19,7758.812,8500.543,9388.199,9633.899,9796.527,9820.36,9683.201,9552.517,9750.726,9956.569,10174.681
CXR,Christmas Island,,,,,,,,,,,,,,,,,,,,,,,,,,,,,,
COL,Colombia,56.898,56.654,61.495,63.338,66.791,58.775,59.771,64.497,65.158,54.761,56.259,55.939,55.43,57.094,54.569,60.06,62.005,60.179,66.65,72.557,76.278,76.08,79.727,89.989,90.952,86.071,100.801,91.67,92.228,102.202
COM,Comoros,0.062,0.066,0.066,0.07,0.07,0.073,0.077,0.081,0.088,0.092,0.103,0.103,0.103,0.132,0.143,0.139,0.161,0.103,0.106,0.132,0.161,0.136,0.143,0.176,0.154,0.169,0.202,0.238,0.246,0.253
COG,Congo,1.007,1.083,1.29,1.162,1.769,1.186,1.34,1.922,0.355,0.363,0.566,0.766,0.575,0.916,0.949,0.997,1.129,1.212,1.329,1.724,1.962,2.241,2.943,3.208,3.103,3.451,3.702,3.526,3.518,3.457
COK,Cook Islands,0.037,0.037,0.037,0.04,0.04,0.04,0.048,0.048,0.048,0.048,0.048,0.033,0.022,0.029,0.048,0.055,0.048,0.048,0.048,0.044,0.051,0.059,0.062,0.062,0.066,0.062,0.062,0.07,0.073,0.077
CRI,Costa Rica,2.912,3.287,3.741,3.891,5.2,4.802,4.687,4.917,5.235,5.439,5.394,5.666,6.245,6.583,6.842,6.723,7.006,7.961,7.991,7.749,7.494,7.309,7.259,7.633,7.749,7.407,7.924,8.235,8.249,8.508
CIV,Cote d'Ivoire,,,,,,,,,,,,,,,,,,,,,,,,,,,,,,
HRV,Croatia,23.329,17.182,16.506,16.96,16.214,16.926,17.515,18.576,19.279,20.115,19.694,20.807,21.913,23.268,22.917,23.33,23.529,24.844,23.629,21.838,21.051,20.682,19.115,18.455,17.705,17.841,18.105,18.738,17.719,17.882
CUB,Cuba,32.736,28.899,21.02,19.787,21.287,25.586,26.872,24.509,24.357,25.183,25.944,25.332,25.966,25.355,24.866,25.848,26.327,25.762,27.747,28.016,33.915,29.169,29.522,27.748,27.426,29.053,28.0,25.131,26.084,25.988
CYP,Cyprus,4.657,5.147,5.523,5.767,6.011,5.882,6.233,6.321,6.615,6.882,7.146,7.021,7.211,7.606,7.841,8.031,8.223,8.539,8.707,8.454,8.089,7.759,7.235,6.554,6.935,6.96,7.368,7.516,7.333,7.316
CZE,Czechia,164.204,148.894,144.619,138.637,132.376,131.608,134.963,130.733,125.318,116.623,127.066,126.958,123.896,127.383,128.114,125.672,126.449,128.264,122.941,115.194,117.501,115.06,110.955,106.427,104.05,104.815,106.629,105.642,104.411,101.01
COD,Democratic Republic of Congo,4.25,3.133,2.809,2.662,1.699,2.104,2.312,1.875,1.655,1.319,0.893,0.769,0.85,1.037,1.15,1.445,1.553,1.696,1.811,1.695,1.963,2.439,2.356,3.538,4.631,2.792,1.996,2.205,2.231,2.283
DNK,Denmark,53.553,64.169,58.361,60.608,64.67,61.582,74.83,65.43,61.199,58.619,54.277,55.865,55.527,60.614,55.066,51.495,59.417,54.643,51.223,48.821,49.152,44.197,39.824,41.73,37.527,35.181,36.989,34.722,34.651,32.075
DJI,Djibouti,0.322,0.337,0.337,0.337,0.33,0.33,0.333,0.348,0.341,0.341,0.366,0.366,0.399,0.421,0.407,0.414,0.41,0.462,0.498,0.458,0.517,0.473,0.48,0.556,0.373,0.446,0.398,0.38,0.39,0.399
DMA,Dominica,0.059,0.059,0.059,0.062,0.066,0.081,0.073,0.081,0.077,0.081,0.103,0.11,0.103,0.117,0.143,0.143,0.143,0.183,0.165,0.161,0.172,0.154,0.165,0.169,0.176,0.176,0.18,0.161,0.166,0.162
DOM,Dominican Republic,9.152,9.953,10.822,11.667,12.377,15.771,17.198,17.905,18.249,18.384,19.594,19.594,21.462,21.623,17.843,17.904,19.087,19.95,20.269,19.814,20.574,21.319,21.494,21.05,21.646,23.488,24.629,24.255,25.305,27.379
ECU,Ecuador,16.458,16.158,21.96,24.087,13.539,22.698,24.025,18.205,22.315,21.365,20.563,22.939,24.753,26.748,28.786,29.97,28.895,33.685,29.573,32.503,34.825,37.398,37.153,39.362,43.208,40.64,39.505,39.238,41.818,40.54
EGY,Egypt,75.219,77.295,79.939,92.278,84.556,94.888,93.568,107.512,121.465,124.497,140.348,124.293,125.781,146.462,149.144,165.042,176.02,185.905,195.285,202.71,198.808,211.037,210.355,206.868,221.942,219.304,233.516,250.24,251.461,246.643
SLV,El Salvador,2.474,3.153,3.317,3.975,4.514,4.998,4.415,5.417,5.732,5.587,5.672,5.858,6.074,6.434,6.254,6.298,6.717,6.846,6.405,6.313,6.317,6.5,6.469,6.094,6.147,6.715,6.638,6.016,6.018,6.207
GNQ,Equatorial Guinea,0.062,0.066,0.066,0.07,0.077,0.084,0.128,0.304,0.224,0.37,0.465,4.54,6.181,6.661,7.519,7.515,6.962,5.628,7.017,6.753,6.866,8.882,7.537,7.72,7.306,6.434,6.207,5.98,5.906,5.634
ERI,Eritrea,,,,,0.707,0.79,0.861,0.768,0.586,0.615,0.604,0.626,0.6,0.71,0.765,0.765,0.545,0.559,0.405,0.497,0.497,0.56,0.618,0.638,0.672,0.652,0.66,0.689,0.709,0.727
EST,Estonia,36.907,33.902,24.37,18.91,19.734,18.049,18.76,18.317,16.817,15.653,15.244,15.577,15.09,16.937,17.201,16.922,16.209,19.839,17.668,14.339,18.785,18.855,17.685,19.552,18.756,15.813,17.378,18.636,17.711,13.888
SWZ,Eswatini,0.964,0.876,0.835,0.711,1.081,1.063,0.791,1.147,1.165,1.242,1.213,1.096,1.081,1.004,1.0,1.015,1.015,1.052,1.033,1.074,1.015,1.026,1.191,1.546,0.901,0.978,1.18,0.986,0.988,0.974
ETH,Ethiopia,2.986,2.957,2.937,2.995,2.197,2.506,2.795,2.979,3.147,3.095,3.464,4.263,4.43,4.871,5.159,4.955,5.317,5.839,6.416,6.455,6.337,7.402,8.11,9.781,12.017,12.693,14.432,15.594,16.185,16.255
FRO,Faeroe Islands,0.703,0.656,0.649,0.583,0.575,0.572,0.601,0.59,0.623,0.63,0.689,0.762,0.725,0.733,0.747,0.722,0.678,0.689,0.63,0.575,0.63,0.568,0.59,0.678,0.597,0.608,0.63,0.707,0.705,0.715
FJI,Fiji,0.806,0.663,0.74,0.744,0.739,0.754,0.813,0.782,0.761,0.775,0.834,1.046,0.879,1.036,1.34,1.081,1.201,1.141,0.878,0.779,1.201,1.068,1.041,1.316,1.623,2.13,2.019,2.037,2.124,2.257
FIN,Finland,56.972,55.23,54.286,56.353,61.716,58.145,64.062,62.723,59.373,58.895,57.038,62.536,65.06,72.658,68.961,57.043,68.384,66.76,58.61,55.924,64.099,56.666,51.222,51.751,47.644,44.114,47.228,44.673,45.849,41.653
FRA,France,400.983,426.501,415.709,394.973,390.815,397.456,413.197,406.187,425.465,421.705,416.266,420.848,415.838,422.641,423.631,426.779,416.004,405.194,397.725,381.599,389.386,362.504,363.809,365.831,333.922,338.501,341.026,345.921,331.725,323.747
PYF,French Polynesia,0.44,0.436,0.418,0.429,0.443,0.432,0.436,0.454,0.451,0.498,0.572,0.682,0.685,0.74,0.725,0.784,0.78,0.769,0.795,0.799,0.806,0.777,0.755,0.762,0.74,0.769,0.744,0.747,0.781,0.832
GAB,Gabon,4.485,4.522,4.918,4.975,4.375,4.606,4.754,4.774,4.957,4.787,4.67,4.773,4.544,4.613,4.657,4.858,4.142,4.089,4.162,4.233,4.782,4.931,5.033,5.269,5.312,5.249,5.298,4.793,4.803,4.705
GMB,Gambia,0.198,0.198,0.198,0.209,0.209,0.216,0.22,0.224,0.242,0.275,0.275,0.3,0.3,0.3,0.322,0.326,0.352,0.352,0.366,0.381,0.432,0.447,0.454,0.432,0.513,0.524,0.531,0.535,0.563,0.586
GEO,Georgia,27.629,21.471,15.277,9.916,6.069,2.291,4.055,4.425,4.939,4.31,4.499,3.734,3.351,3.736,4.276,5.017,6.096,6.365,5.308,6.135,6.209,7.804,8.251,8.009,8.787,9.589,9.905,9.832,9.862,10.287
DEU,Germany,1052.349,1014.2,965.89,956.233,939.63,939.177,959.124,931.23,923.276,895.643,899.78,916.366,899.821,900.866,886.966,866.389,877.997,851.383,854.706,790.196,832.67,809.427,813.893,831.316,792.685,795.816,800.51,786.655,755.362,701.955
GHA,Ghana,3.791,4.21,3.661,4.311,5.089,5.154,5.469,6.204,6.246,6.369,6.101,6.733,7.231,7.437,7.152,6.803,9.16,9.619,8.926,7.498,9.711,11.226,14.316,14.18,14.754,16.115,16.547,13.817,14.48,14.96
GRC,Greece,83.426,83.401,84.983,84.296,86.442,86.979,89.132,93.821,98.641,97.958,102.999,105.386,105.021,109.09,109.547,113.931,112.472,114.592,111.125,104.355,97.362,94.55,91.43,81.735,78.66,74.958,71.368,74.853,71.798,67.184
GRL,Greenland,0.348,0.348,0.326,0.322,0.297,0.322,0.363,0.385,0.359,0.374,0.454,0.407,0.377,0.429,0.583,0.608,0.627,0.638,0.66,0.575,0.663,0.707,0.568,0.535,0.498,0.498,0.498,0.513,0.512,0.519
GRD,Grenada,0.106,0.11,0.117,0.121,0.143,0.15,0.154,0.169,0.176,0.194,0.191,0.194,0.205,0.216,0.205,0.216,0.231,0.238,0.253,0.253,0.26,0.253,0.271,0.304,0.234,0.26,0.267,0.278,0.279,0.288
GTM,Guatemala,4.97,4.952,5.918,5.577,6.751,7.079,6.57,7.502,8.639,8.807,9.766,10.233,10.722,10.448,11.18,12.108,12.175,12.145,10.893,11.442,11.098,11.238,11.559,12.582,13.569,15.426,16.376,17.214,19.411,20.513
GIN,Guinea,1.004,1.026,1.059,1.088,1.125,1.165,1.235,1.29,1.363,1.433,1.491,1.561,1.623,1.7,1.762,1.825,1.891,1.968,1.997,2.11,2.484,2.594,2.422,2.11,2.165,2.451,2.744,2.88,3.032,3.153
GNB,Guinea-Bissau,0.172,0.176,0.18,0.183,0.183,0.183,0.183,0.202,0.172,0.194,0.147,0.15,0.154,0.194,0.202,0.213,0.216,0.231,0.227,0.234,0.238,0.245,0.253,0.256,0.271,0.278,0.293,0.293,0.309,0.321
GUY,Guyana,1.129,1.107,1.041,1.044,1.458,1.572,1.656,1.806,1.828,1.832,1.748,1.744,1.715,1.858,1.927,1.619,1.51,1.781,1.707,1.909,1.887,1.96,1.96,1.905,1.971,2.004,2.344,2.318,2.343,2.39
HTI,Haiti,0.994,0.976,0.888,0.685,0.183,0.876,1.019,1.348,1.231,1.312,1.341,1.553,1.802,1.71,1.96,2.047,2.084,2.361,2.366,2.237,2.093,2.087,2.19,2.293,2.785,3.191,3.235,3.272,3.367,3.281
HND,Honduras,2.423,2.445,2.693,2.834,3.175,3.783,3.839,3.975,4.766,4.646,4.978,5.653,5.913,6.664,7.247,7.577,6.863,8.598,8.518,8.073,7.959,8.635,8.989,9.245,9.339,10.082,9.554,9.899,10.471,10.928
HKG,Hong Kong,27.147,28.463,32.917,34.778,31.079,31.266,28.91,30.498,38.924,42.55,40.284,37.802,39.485,43.203,41.568,43.731,41.914,43.572,42.791,41.58,40.064,43.15,42.743,44.306,45.491,42.391,43.388,42.552,42.506,41.536
HUN,Hungary,73.465,69.785,62.416,63.633,61.974,61.691,63.258,61.813,61.415,61.912,58.608,60.239,59.197,61.981,60.49,60.607,59.915,58.689,57.531,51.775,52.124,50.322,46.777,43.705,43.863,46.628,47.396,49.685,49.628,49.101
ISL,Iceland,2.248,2.128,2.274,2.432,2.373,2.477,2.532,2.628,2.648,2.854,2.946,2.875,3.001,2.995,3.117,2.986,3.164,3.512,3.825,3.74,3.66,3.511,3.503,3.493,3.47,3.545,3.498,3.615,3.675,3.322
IND,India,578.687,616.106,656.223,678.116,717.127,762.338,826.151,859.929,877.939,951.671,978.427,992.529,1022.849,1059.416,1125.264,1185.761,1259.522,1357.916,1462.574,1612.515,1678.479,1766.065,1941.313,2033.412,2184.432,2253.429,2392.36,2456.848,2591.324,2616.449
IDN,Indonesia,150.286,180.622,203.577,219.762,222.854,226.545,255.069,280.736,215.97,243.952,265.803,297.53,307.361,316.655,339.848,343.336,346.443,376.865,417.562,447.099,428.174,508.073,526.383,411.191,416.823,507.012,568.194,531.012,576.584,617.513
IRN,Iran,209.238,225.954,226.957,235.577,263.52,271.148,274.008,267.099,306.006,379.627,369.263,394.931,397.798,413.993,442.09,463.53,503.791,513.314,534.91,546.885,564.035,579.04,600.684,608.71,641.916,640.811,648.061,724.578,755.402,779.527
IRQ,Iraq,49.057,45.185,58.889,63.13,71.089,74.084,69.284,68.079,72.101,71.681,71.715,84.556,86.321,90.787,113.635,112.98,98.181,61.492,92.167,103.489,110.985,135.274,152.815,163.677,165.151,165.646,194.361,208.713,211.27,221.384
IRL,Ireland,32.944,33.674,33.495,33.716,34.838,35.853,37.469,38.805,40.709,42.44,45.249,47.607,46.082,45.684,46.167,48.156,47.604,47.665,47.366,42.18,41.748,38.052,38.21,37.235,36.785,38.545,40.03,38.91,38.803,37.118
ISR,Israel,35.823,36.149,42.083,44.234,47.474,49.865,51.936,54.864,56.009,54.755,59.519,63.022,59.3,62.415,58.679,56.524,62.149,62.8,67.98,63.861,68.287,68.595,74.785,64.975,62.279,64.95,63.907,62.467,62.213,64.172
ITA,Italy,438.009,437.539,437.83,430.18,424.582,448.333,442.277,448.045,460.049,464.548,468.442,468.643,476.251,494.183,499.619,500.006,495.124,487.693,476.23,422.624,433.688,422.039,401.555,367.569,347.861,360.088,356.556,351.474,348.085,337.086
JAM,Jamaica,7.527,7.751,7.711,8.0,8.191,9.173,9.688,10.068,9.694,9.958,10.314,10.576,10.203,10.667,10.574,10.417,11.577,10.749,10.78,7.934,7.677,8.256,7.913,8.492,7.679,7.937,8.141,7.798,8.01,8.014
JPN,Japan,1158.391,1170.066,1179.74,1172.647,1227.567,1239.928,1251.868,1245.112,1205.416,1242.015,1264.844,1250.211,1279.453,1287.642,1282.872,1290.056,1266.829,1302.524,1231.91,1162.648,1214.069,1264.155,1305.433,1314.703,1263.05,1222.781,1203.167,1187.661,1135.688,1106.664
JOR,Jordan,10.478,9.903,11.983,11.774,13.249,13.208,13.826,14.074,14.252,14.265,15.2,15.61,16.421,16.982,18.669,20.436,20.527,21.437,20.718,21.336,20.614,21.244,23.813,23.813,25.894,25.27,23.994,25.467,24.924,26.072
KAZ,Kazakhstan,281.214,271.741,246.741,219.39,185.835,178.207,163.544,155.572,150.541,124.952,148.756,142.924,160.804,178.775,188.476,202.326,221.649,227.961,229.096,224.146,250.897,240.651,246.75,254.547,278.776,288.578,288.421,307.927,319.647,313.798
KEN,Kenya,5.686,4.71,5.402,6.215,6.42,7.405,9.155,8.12,9.896,10.029,10.302,9.236,7.82,6.586,7.438,8.339,9.337,9.54,9.912,11.968,11.746,12.928,11.987,12.77,13.773,16.301,17.152,16.533,17.137,17.315
KIR,Kiribati,0.022,0.022,0.026,0.029,0.029,0.029,0.029,0.029,0.029,0.029,0.033,0.029,0.04,0.044,0.048,0.059,0.066,0.059,0.066,0.055,0.059,0.055,0.051,0.051,0.059,0.062,0.066,0.066,0.069,0.073
KWT,Kuwait,37.806,14.915,29.647,49.129,55.226,54.589,49.914,54.671,51.561,53.822,53.384,57.485,57.98,59.623,63.108,71.166,73.389,74.875,82.298,86.955,89.272,86.263,100.073,93.583,91.033,96.265,101.574,104.784,104.218,107.532
KGZ,Kyrgyzstan,21.107,18.495,11.082,8.502,6.146,4.511,5.664,5.573,5.913,4.647,4.602,3.862,4.919,5.382,5.807,5.514,5.419,6.518,7.548,6.737,6.313,7.554,10.0,9.658,10.095,10.278,9.64,9.263,10.169,11.483
LAO,Laos,0.513,0.546,0.593,0.608,0.633,0.67,0.751,0.791,0.82,0.846,0.958,1.061,1.163,1.217,1.279,1.337,1.753,1.831,2.127,2.664,3.0,3.167,3.398,4.007,4.329,8.806,14.261,17.914,32.262,32.815
LVA,Latvia,19.504,17.783,14.08,11.819,10.297,9.09,9.17,8.646,8.281,7.696,7.065,7.474,7.503,7.723,7.728,7.807,8.306,8.632,8.193,7.452,8.549,7.805,7.515,7.382,7.183,7.273,7.221,7.223,7.859,8.262
LBN,Lebanon,7.868,8.115,9.727,10.355,11.111,12.255,12.753,15.099,16.286,16.429,15.466,16.406,16.245,18.528,17.208,16.654,14.792,13.75,17.419,20.958,19.997,20.264,22.332,22.163,23.781,25.77,26.502,27.935,27.565,28.202
LSO,Lesotho,1.473,1.528,1.587,1.634,1.674,1.707,1.737,1.77,1.803,1.825,1.85,1.876,1.905,1.931,1.982,2.012,2.037,2.074,2.125,2.217,2.275,2.327,2.396,2.422,2.429,2.327,2.36,2.528,2.426,2.223
LBR,Liberia,0.468,0.37,0.388,0.424,0.421,0.424,0.435,0.454,0.483,0.391,0.422,0.448,0.435,0.467,0.545,0.656,0.673,0.628,0.535,0.475,0.761,0.852,0.964,0.877,1.191,1.205,1.358,1.215,1.274,1.322
LBY,Libya,36.513,42.619,37.025,38.709,43.753,45.691,43.797,44.707,45.159,44.303,46.793,47.774,47.472,48.781,49.956,51.696,52.666,49.34,55.341,57.196,61.122,39.265,52.409,55.339,58.361,50.844,42.839,43.729,45.206,46.428
LIE,Liechtenstein,0.199,0.206,0.207,0.215,0.201,0.204,0.206,0.218,0.229,0.227,0.217,0.215,0.22,0.229,0.229,0.229,0.231,0.201,0.22,0.205,0.191,0.177,0.185,0.193,0.161,0.16,0.15,0.156,0.144,0.146
LTU,Lithuania,35.772,37.852,21.201,16.348,15.788,15.084,15.758,15.182,16.04,13.477,11.874,12.621,12.69,12.68,13.272,14.091,14.408,15.798,15.179,13.023,13.927,14.271,14.331,13.34,13.087,13.297,13.328,13.546,13.669,13.483
LUX,Luxembourg,11.848,12.466,12.232,12.373,11.564,9.17,9.22,8.573,7.695,8.148,8.732,9.226,10.003,10.476,11.844,12.105,11.936,11.334,11.195,10.648,11.219,11.115,10.851,10.304,9.825,9.333,9.08,9.25,9.569,9.785
MDG,Madagascar,0.929,1.01,0.98,1.006,1.246,1.286,1.341,1.623,1.711,1.817,1.867,1.735,1.232,1.68,1.789,1.725,1.666,1.783,1.869,1.754,1.938,2.377,2.74,3.144,3.102,3.52,3.359,3.886,4.188,4.015
MWI,Malawi,0.739,0.785,0.785,0.879,0.905,0.907,0.904,0.947,0.922,0.921,0.865,0.792,0.847,0.904,0.912,0.906,0.918,0.969,1.087,1.095,1.026,1.14,1.133,1.162,1.021,1.12,1.263,1.402,1.47,1.466
MYS,Malaysia,55.277,66.73,72.961,86.719,90.224,113.934,112.899,120.817,114.238,108.291,126.514,134.948,136.338,157.266,171.695,181.755,178.93,182.832,202.498,196.948,216.537,217.427,215.812,234.419,241.128,233.268,246.722,248.87,249.144,250.095
MDV,Maldives,0.172,0.154,0.231,0.198,0.198,0.249,0.289,0.33,0.3,0.421,0.451,0.462,0.594,0.506,0.667,0.601,0.758,0.78,0.843,0.883,0.934,0.986,1.11,1.092,1.315,1.301,1.444,1.499,1.565,1.667
MLI,Mali,0.423,0.434,0.449,0.46,0.468,0.471,0.493,0.529,0.769,0.802,0.832,0.839,0.857,0.857,0.89,0.916,1.081,1.297,1.557,1.784,1.975,2.158,2.297,2.649,2.905,3.096,3.107,3.121,3.273,3.394
MLT,Malta,2.408,2.255,2.315,2.891,2.67,2.46,2.578,2.586,2.545,2.628,2.546,2.665,2.707,2.979,2.846,2.654,2.666,2.736,2.747,2.533,2.582,2.578,2.762,2.438,2.442,1.735,1.399,1.553,1.532,1.554
MHL,Marshall Islands,,,0.077,0.084,0.084,0.088,0.088,0.088,0.092,0.088,0.099,0.103,0.11,0.106,0.117,0.114,0.121,0.125,0.128,0.132,0.136,0.139,0.136,0.139,0.143,0.143,0.143,0.147,0.153,0.163
MRT,Mauritania,0.854,0.868,0.905,0.927,0.956,1.015,1.063,1.077,1.07,1.096,1.114,1.172,1.249,1.29,1.385,1.436,1.422,1.638,1.773,1.96,1.96,2.11,2.33,2.045,2.499,2.887,2.763,3.737,3.935,4.092
MUS,Mauritius,1.462,1.521,1.707,1.773,1.623,1.828,1.949,1.997,2.169,2.426,2.689,2.862,2.884,3.059,3.089,3.294,3.627,3.686,3.767,3.708,3.913,3.917,3.964,4.067,4.206,4.21,4.346,4.536,4.902,4.687
MEX,Mexico,317.042,330.133,332.78,338.067,351.528,331.597,345.766,368.645,388.357,390.516,396.066,410.698,411.968,437.758,438.857,463.993,476.565,479.787,492.98,475.903,463.783,484.165,496.3,490.13,481.129,481.975,484.629,461.238,451.081,438.498
MDA,Moldova,27.779,22.373,20.978,15.846,12.427,11.405,11.687,7.301,6.444,4.685,3.573,3.787,4.052,4.404,4.613,4.938,5.03,4.979,5.19,4.54,4.831,4.945,4.766,4.899,4.748,4.785,4.896,5.292,5.878,5.958
MNG,Mongolia,9.89,12.121,10.994,9.263,7.927,7.899,8.023,7.688,7.687,7.535,7.487,7.87,8.262,8.008,8.571,8.574,9.406,12.079,12.017,13.074,13.82,21.426,35.031,43.559,29.586,23.244,25.324,34.154,64.508,65.514
MNE,Montenegro,1.915,1.355,1.483,1.294,1.257,1.327,1.553,1.67,1.758,1.212,1.521,1.667,1.766,1.889,2.041,1.751,2.063,2.056,2.605,1.682,2.422,2.407,2.213,2.151,2.107,2.239,2.015,2.103,2.123,2.461
MSR,Montserrat,0.029,0.029,0.029,0.029,0.033,0.033,0.037,0.033,0.029,0.029,0.026,0.026,0.037,0.037,0.037,0.037,0.037,0.04,0.048,0.048,0.066,0.04,0.044,0.051,0.048,0.059,0.029,0.029,0.03,0.029
MAR,Morocco,22.528,24.022,25.118,27.18,28.543,29.157,29.926,30.398,31.293,32.385,33.61,37.452,38.107,37.532,43.399,45.569,47.439,50.289,52.916,52.648,56.27,56.712,59.028,58.735,59.643,61.028,61.032,63.831,65.367,71.929
MOZ,Mozambique,1.015,1.015,1.001,1.075,1.057,1.109,1.09,1.17,1.112,1.167,1.323,1.554,1.539,1.857,1.865,1.771,1.915,2.187,2.18,2.44,2.634,3.107,2.981,4.057,8.259,6.306,7.726,8.147,8.383,8.706
MMR,Myanmar,4.235,4.137,4.842,5.302,6.196,6.906,7.204,7.444,8.037,8.93,10.043,8.68,9.154,9.78,12.371,11.529,12.78,12.795,9.722,10.155,13.084,15.068,11.892,12.936,16.17,22.076,25.469,23.67,26.096,26.232
NAM,Namibia,,1.055,1.15,1.389,1.572,1.619,1.722,1.77,1.817,1.663,1.641,2.015,1.759,1.872,1.96,2.308,2.33,2.36,3.323,3.067,3.096,2.765,3.364,2.601,3.709,3.886,4.124,4.098,4.154,4.168
NRU,Nauru,0.125,0.125,0.121,0.114,0.11,0.106,0.103,0.103,0.099,0.092,0.084,0.081,0.077,0.066,0.066,0.062,0.044,0.044,0.044,0.04,0.044,0.04,0.044,0.048,0.051,0.055,0.044,0.048,0.05,0.053
NPL,Nepal,0.767,1.072,1.29,1.47,1.7,2.406,2.455,2.76,2.223,3.19,3.038,3.237,2.595,2.81,2.583,2.985,2.456,2.571,3.351,4.129,4.824,5.222,5.47,6.219,7.592,6.014,8.841,10.124,13.41,13.914
NLD,Netherlands,162.385,170.796,170.63,170.818,171.401,172.966,182.148,175.02,176.137,170.727,171.887,176.799,176.113,179.565,181.382,177.459,172.687,172.587,175.482,170.168,182.118,169.066,165.827,165.718,158.768,166.367,166.282,164.445,160.17,154.827
NCL,New Caledonia,1.577,1.758,1.575,1.828,1.97,2.064,2.185,1.819,1.81,2.056,2.222,1.878,2.393,2.727,2.516,2.809,2.706,2.928,2.849,2.933,3.557,3.54,3.638,3.848,4.872,4.736,5.312,5.345,8.209,8.452
NZL,New Zealand,25.446,26.11,28.105,27.699,27.88,28.002,29.295,31.289,29.883,31.472,32.281,34.457,34.638,36.352,35.94,37.571,37.466,36.56,37.592,34.762,34.958,34.25,36.0,35.241,35.458,35.839,34.268,36.153,35.08,36.541
NIC,Nicaragua,1.955,1.988,2.374,2.283,2.518,2.755,2.847,3.114,3.392,3.598,3.721,3.922,3.991,4.335,4.378,4.27,4.418,4.55,4.365,4.445,4.469,4.805,4.545,4.351,4.598,5.25,5.448,5.375,5.377,5.549
NER,Niger,0.603,0.57,0.529,0.602,0.58,0.562,0.642,0.646,0.697,0.682,0.693,0.652,0.695,0.753,0.808,0.708,0.686,0.717,0.803,0.962,1.169,1.322,1.754,1.891,2.075,2.035,2.064,2.006,2.094,2.135
NGA,Nigeria,38.857,41.929,46.265,44.813,34.934,33.417,36.788,41.01,37.745,39.587,78.823,86.717,94.305,100.009,98.686,105.757,97.809,94.269,94.772,74.885,112.314,129.568,116.331,122.098,127.823,113.539,116.774,130.275,136.078,140.026
NIU,Niue,0.007,0.007,0.007,0.007,0.007,0.007,0.007,0.007,0.007,0.007,0.007,0.007,0.007,0.004,0.004,0.004,0.004,0.004,0.007,0.004,0.004,0.007,0.007,0.007,0.011,0.007,0.007,0.007,0.008,0.008
PRK,North Korea,122.4,117.227,102.963,94.869,86.719,81.26,71.638,65.158,58.769,64.099,69.166,71.665,68.643,70.137,71.722,74.919,76.173,63.479,70.328,53.565,50.024,36.184,37.566,27.015,30.544,24.621,27.467,21.754,38.163,38.762
MKD,North Macedonia,14.185,10.036,10.985,10.124,10.248,10.637,11.684,10.578,12.571,11.666,11.996,11.926,10.867,11.226,11.106,11.179,10.834,9.384,9.296,8.592,8.5,9.197,8.735,7.771,7.46,7.024,6.987,7.508,6.981,8.041
NOR,Norway,35.321,33.816,34.735,36.224,38.089,38.708,41.83,41.97,42.22,42.974,42.519,43.866,42.986,44.306,44.623,43.923,44.485,46.231,45.378,43.89,46.232,45.513,45.038,44.982,44.917,45.35,44.473,43.563,43.818,42.441
OMN,Oman,11.222,11.594,11.893,13.225,15.053,15.719,14.883,15.248,16.3,20.558,21.535,20.106,25.234,32.027,27.591,29.467,39.046,43.97,42.111,40.515,46.75,53.263,58.691,61.121,60.41,61.604,60.033,65.511,71.03,71.685
PAK,Pakistan,67.828,67.478,72.015,77.177,84.019,83.615,93.537,93.788,96.742,99.39,105.418,107.126,112.904,117.491,129.959,134.756,143.727,155.844,155.356,155.219,154.145,154.659,153.876,150.451,154.291,170.175,203.146,232.425,247.425,248.844
PLW,Palau,,,,,,,,,,,,,,,,,,,,,,,,,,,,,,
PSE,Palestine,0.861,0.883,0.916,0.934,0.967,0.945,1.037,0.865,1.462,1.367,1.66,1.348,1.154,1.279,2.195,2.741,2.264,2.323,2.052,2.088,2.034,2.246,2.198,2.437,2.836,3.004,3.232,3.268,3.22,3.303
PAN,Panama,2.633,3.105,4.112,3.786,4.178,3.654,4.447,4.63,5.9,5.621,5.728,6.955,5.811,6.09,5.712,6.741,7.367,7.196,7.314,8.419,9.073,9.952,9.768,11.366,10.856,10.877,10.463,11.962,12.096,12.503
PNG,Papua New Guinea,2.154,2.169,2.191,2.191,2.18,2.059,2.187,2.576,2.862,2.444,2.664,3.206,3.484,3.942,4.485,4.382,4.305,6.115,4.793,5.089,4.661,5.225,4.976,5.331,6.049,6.364,6.679,6.548,6.786,7.087
PRY,Paraguay,2.136,2.103,2.58,2.914,3.404,3.937,3.719,4.128,4.384,4.376,3.606,3.696,3.857,4.031,4.061,3.78,3.909,4.042,4.278,4.532,5.022,5.199,5.173,5.172,5.458,6.051,7.154,8.015,8.103,8.272
PER,Peru,21.367,20.724,20.956,23.852,23.72,24.628,24.184,27.246,27.572,29.147,30.078,26.929,26.931,26.105,31.556,36.733,28.263,34.524,40.669,51.207,57.151,48.959,54.156,42.929,49.053,48.696,52.36,52.489,54.21,54.533
PHL,Philippines,41.349,43.471,48.294,48.929,54.123,59.949,61.254,70.063,68.253,68.177,72.346,70.305,70.155,70.215,72.771,73.271,66.522,70.764,77.3,76.493,82.951,83.744,88.407,95.793,101.182,112.142,122.237,134.519,138.924,144.263
POL,Poland,376.547,373.793,364.678,365.371,360.417,362.761,377.408,367.385,339.133,329.167,317.338,313.648,306.403,319.406,324.146,323.161,337.038,336.368,330.145,316.608,334.607,333.952,326.348,322.225,309.921,313.099,324.011,337.34,337.706,322.626
PRT,Portugal,45.083,46.96,50.889,49.392,50.246,54.451,51.703,54.598,59.138,66.763,65.527,65.149,69.556,64.419,67.255,69.484,64.768,62.28,59.973,57.2,52.989,51.793,49.963,48.162,47.948,52.294,50.456,54.72,51.482,48.598
PRI,Puerto Rico,,,,,,,,,,,,,,,,,,,,,,,,,,,,,,
QAT,Qatar,11.744,17.645,26.997,30.985,30.704,31.717,32.204,37.394,32.271,31.271,34.566,41.215,40.702,41.299,42.71,50.69,63.196,62.899,64.257,68.597,71.92,79.648,92.303,82.698,105.98,105.756,102.173,105.569,109.245,109.345
ROU,Romania,169.286,139.37,131.072,122.832,121.961,127.033,130.096,121.075,107.562,90.778,95.456,100.357,101.735,105.295,104.27,102.694,105.083,108.44,105.535,86.024,84.29,89.518,86.256,76.876,77.432,77.726,75.813,78.077,76.951,75.084
RUS,Russia,2525.294,2395.978,1957.659,1859.46,1641.399,1612.928,1580.161,1475.157,1458.157,1486.09,1471.052,1507.501,1495.484,1525.39,1530.474,1547.376,1606.313,1604.324,1636.694,1528.765,1612.885,1664.953,1679.866,1619.173,1622.349,1622.861,1618.304,1646.18,1691.36,1678.367
RWA,Rwanda,0.523,0.472,0.479,0.482,0.461,0.454,0.465,0.482,0.481,0.502,0.52,0.521,0.52,0.508,0.515,0.515,0.514,0.542,0.528,0.558,0.573,0.647,0.718,0.782,0.813,0.926,1.047,1.051,1.08,1.111
SHN,Saint Helena,0.007,0.007,0.007,0.011,0.011,0.011,0.011,0.011,0.011,0.011,0.011,0.011,0.011,0.011,0.011,0.011,0.011,0.011,0.011,0.011,0.011,0.011,0.011,0.011,0.011,0.011,0.011,0.011,0.011,0.011
KNA,Saint Kitts and Nevis,0.106,0.106,0.11,0.114,0.121,0.128,0.132,0.143,0.15,0.161,0.172,0.176,0.198,0.198,0.213,0.198,0.202,0.216,0.216,0.224,0.22,0.231,0.22,0.224,0.231,0.234,0.238,0.242,0.249,0.242
LCA,Saint Lucia,0.161,0.169,0.15,0.231,0.256,0.308,0.322,0.304,0.293,0.333,0.348,0.348,0.289,0.37,0.37,0.337,0.366,0.293,0.3,0.33,0.366,0.333,0.33,0.308,0.348,0.359,0.333,0.352,0.362,0.353
SPM,Saint Pierre and Miquelon,0.092,0.103,0.095,0.073,0.07,0.07,0.07,0.048,0.055,0.055,0.055,0.055,0.059,0.066,0.062,0.066,0.066,0.066,0.066,0.066,0.07,0.07,0.07,0.073,0.077,0.077,0.077,0.077,0.079,0.077
VCT,Saint Vincent and the Grenadines,0.081,0.084,0.084,0.103,0.121,0.128,0.132,0.132,0.161,0.165,0.147,0.18,0.187,0.198,0.22,0.22,0.216,0.26,0.191,0.311,0.22,0.198,0.253,0.209,0.275,0.213,0.253,0.256,0.264,0.257
WSM,Samoa,0.103,0.106,0.11,0.11,0.114,0.117,0.125,0.128,0.132,0.136,0.143,0.147,0.147,0.154,0.15,0.161,0.165,0.172,0.18,0.187,0.187,0.202,0.198,0.198,0.209,0.234,0.245,0.256,0.268,0.285
STP,Sao Tome and Principe,0.048,0.048,0.048,0.048,0.048,0.048,0.048,0.048,0.048,0.048,0.048,0.051,0.059,0.066,0.073,0.077,0.084,0.084,0.084,0.092,0.099,0.103,0.114,0.114,0.114,0.114,0.121,0.125,0.126,0.129
SAU,Saudi Arabia,185.485,267.386,285.074,313.327,307.473,234.712,258.264,215.797,207.231,225.976,296.353,296.575,325.681,326.517,394.585,395.855,431.292,386.507,432.336,465.844,517.716,497.659,563.179,540.805,601.896,645.409,565.751,579.417,576.758,582.15
SEN,Senegal,3.139,3.378,3.423,3.538,3.837,3.429,3.663,3.182,3.333,3.604,3.901,4.258,4.437,4.926,5.238,5.54,4.422,4.863,4.739,4.713,7.28,7.819,7.363,7.854,8.796,9.846,9.859,9.364,9.69,9.823
SRB,Serbia,56.448,39.984,43.684,38.096,37.04,39.141,45.825,49.265,51.882,35.791,44.95,49.266,52.147,55.716,60.212,51.634,60.861,59.63,51.68,45.858,45.696,48.957,43.724,44.546,37.189,43.747,45.036,45.483,46.053,54.667
SYC,Seychelles,0.15,0.172,0.172,0.183,0.202,0.198,0.234,0.341,0.432,0.509,0.572,0.634,0.539,0.55,0.736,0.689,0.733,0.641,0.692,0.524,0.443,0.326,0.421,0.33,0.487,0.48,0.594,0.586,0.605,0.623
SLE,Sierra Leone,0.539,0.601,0.451,0.454,0.48,0.249,0.293,0.224,0.256,0.147,0.388,0.418,0.535,0.568,0.553,0.462,0.616,0.517,0.535,0.535,0.575,0.744,0.861,1.033,1.14,0.905,0.931,0.938,0.988,1.027
SGP,Singapore,44.291,45.049,48.213,50.871,61.345,41.842,49.349,58.072,48.356,49.871,48.856,49.442,47.173,49.497,46.859,36.468,43.045,47.518,57.572,90.098,56.62,30.272,48.145,54.366,55.209,62.13,40.275,39.066,38.288,38.945
SXM,Sint Maarten (Dutch part),0.545,0.435,0.358,0.553,0.53,0.525,0.491,0.514,0.028,0.213,0.564,0.574,0.554,0.554,0.581,0.576,0.6,0.676,0.65,0.665,0.458,0.585,0.696,0.714,0.733,0.755,0.762,0.751,0.773,0.753
SVK,Slovakia,61.633,53.438,49.029,46.484,43.879,44.322,44.186,44.314,44.073,43.201,41.289,43.378,42.112,42.438,42.925,42.911,42.687,41.095,41.503,37.755,38.523,38.112,36.021,35.578,33.654,34.484,34.922,36.087,36.088,33.315
SVN,Slovenia,15.094,14.001,14.007,14.303,14.643,15.254,15.917,16.245,15.961,15.337,15.445,16.378,16.525,16.289,16.651,16.948,17.143,17.281,18.22,16.33,16.376,16.36,15.822,15.189,13.532,13.618,14.417,14.265,14.488,13.696
SLB,Solomon Islands,0.147,0.158,0.161,0.172,0.183,0.191,0.198,0.205,0.216,0.216,0.224,0.234,0.245,0.256,0.275,0.282,0.289,0.3,0.308,0.319,0.33,0.344,0.348,0.374,0.33,0.293,0.289,0.286,0.298,0.318
SOM,Somalia,0.73,0.707,0.68,0.639,0.628,0.588,0.568,0.539,0.513,0.491,0.48,0.502,0.586,0.594,0.594,0.594,0.594,0.608,0.601,0.597,0.612,0.612,0.608,0.63,0.63,0.63,0.638,0.638,0.658,0.678
ZAF,South Africa,312.972,326.069,301.368,320.39,338.625,361.641,363.673,385.458,377.312,374.83,378.255,371.517,356.357,404.173,449.079,415.925,446.623,464.8,494.642,502.259,466.93,473.949,461.139,455.866,481.885,451.59,460.043,466.103,472.001,478.608
KOR,South Korea,247.438,262.038,282.194,321.838,344.264,373.992,401.53,427.786,363.548,398.325,445.441,448.551,463.628,462.407,478.606,459.346,465.606,493.353,505.783,506.764,565.961,588.404,583.632,591.54,586.548,595.394,617.96,620.61,634.934,611.263
SSD,South Sudan,0.434,0.406,0.363,0.251,0.344,0.356,0.367,0.45,0.39,0.423,0.46,0.529,0.674,0.753,0.952,0.912,0.999,1.173,1.239,1.291,1.313,1.281,1.33,1.447,1.535,1.942,1.726,1.491,1.54,1.585
ESP,Spain,231.214,240.953,249.813,241.195,253.661,267.417,254.795,267.306,276.022,299.499,311.267,313.12,333.38,337.589,354.486,369.492,360.579,368.433,336.624,297.241,283.725,284.544,278.851,252.764,255.1,271.687,260.76,274.671,269.654,252.683
LKA,Sri Lanka,3.829,4.137,5.106,4.976,5.436,5.815,6.97,7.52,7.736,8.518,10.134,10.327,10.947,10.952,12.146,11.935,11.794,12.151,11.988,12.943,13.05,14.887,15.798,14.678,17.69,19.83,23.028,22.984,22.973,24.841
SDN,Sudan,4.769,4.466,3.989,2.746,3.785,3.903,4.028,4.94,4.285,4.645,5.055,5.817,7.418,8.285,10.471,10.028,10.984,12.905,13.634,14.189,14.398,14.017,14.539,16.175,16.645,20.163,19.311,21.715,22.372,22.981
SUR,Suriname,1.738,2.024,2.031,2.038,2.042,2.06,2.082,2.104,2.104,2.122,2.192,2.363,1.561,1.538,1.556,1.589,1.739,1.757,1.936,1.995,2.395,2.18,2.636,2.745,2.836,2.733,2.326,2.52,2.552,2.606
SWE,Sweden,57.349,57.707,57.451,57.493,59.954,59.366,63.303,58.213,58.697,55.82,54.684,55.617,56.573,57.161,56.476,53.853,53.674,52.941,50.856,47.231,53.042,49.167,46.692,45.086,43.338,43.337,42.973,42.307,41.766,42.767
CHE,Switzerland,44.154,46.134,46.01,43.601,42.676,43.413,44.099,43.037,44.615,44.446,43.618,45.082,43.468,44.652,45.236,45.788,45.374,43.368,44.714,43.535,45.05,40.986,42.255,43.186,39.234,38.733,39.193,38.182,36.895,37.682
SYR,Syria,37.045,42.201,42.561,45.222,46.19,41.2,42.322,45.377,49.758,51.771,50.482,48.141,38.439,53.581,50.385,49.881,52.84,65.718,66.877,61.562,60.716,56.139,43.79,35.809,30.112,28.675,28.508,26.401,25.878,26.961
TWN,Taiwan,120.44,130.616,139.136,152.172,157.875,165.648,173.728,186.936,197.652,205.314,221.92,224.03,235.36,241.63,250.259,255.804,248.964,273.734,260.073,246.907,264.82,266.485,255.477,257.708,261.243,257.156,265.284,272.45,273.105,262.639
TJK,Tajikistan,10.133,9.122,7.295,5.161,2.347,2.443,2.822,2.149,2.494,2.516,2.232,2.285,1.873,2.062,2.547,2.421,2.634,3.204,2.882,2.431,2.51,2.316,2.904,2.869,4.485,5.163,6.305,6.873,7.473,8.98
TZA,Tanzania,2.111,2.254,2.176,2.425,2.064,2.434,2.527,2.823,2.481,2.458,2.571,3.04,3.487,3.686,4.232,5.36,5.879,5.71,5.915,5.771,6.925,7.752,9.062,9.908,9.9,10.638,10.535,11.019,11.502,11.626
THA,Thailand,87.917,96.746,106.094,121.213,134.507,156.636,173.729,179.06,159.239,166.143,170.698,182.484,192.054,203.237,218.514,224.346,227.717,230.762,228.116,243.279,256.422,253.801,270.175,286.069,279.994,283.293,281.705,286.336,292.453,288.28
TLS,Timor,,,,,,,,,,,,,0.161,0.161,0.176,0.176,0.18,0.183,0.202,0.227,0.234,0.245,0.293,0.443,0.513,0.502,0.495,0.498,0.52,0.554
TGO,Togo,0.973,1.048,1.031,1.069,1.005,1.175,1.265,0.879,1.29,1.85,1.331,1.159,1.322,1.805,1.744,1.722,1.501,1.517,1.523,2.741,2.596,2.504,2.216,2.129,2.238,2.686,3.098,3.049,3.167,3.261
TON,Tonga,0.077,0.095,0.07,0.084,0.092,0.095,0.077,0.099,0.088,0.11,0.095,0.088,0.103,0.117,0.11,0.114,0.128,0.114,0.121,0.132,0.117,0.103,0.106,0.114,0.114,0.121,0.128,0.158,0.165,0.175
TTO,Trinidad and Tobago,16.983,16.968,19.104,17.412,17.023,16.46,20.768,20.56,19.751,22.466,24.191,26.57,28.591,32.25,32.574,37.943,42.414,45.236,44.095,44.219,46.959,46.679,45.556,45.236,46.345,45.121,40.052,39.968,37.866,37.864
TUN,Tunisia,13.127,15.363,14.892,16.354,15.776,15.549,16.581,16.748,17.809,18.12,19.67,20.545,20.559,20.925,21.927,22.269,22.602,23.684,24.333,24.322,27.103,25.524,26.306,26.866,27.892,29.275,29.008,29.62,30.357,31.013
TUR,Turkey,151.508,157.982,163.922,171.011,167.433,180.903,199.522,212.006,212.04,207.804,229.791,213.486,220.978,236.484,244.464,264.201,281.649,312.737,309.321,315.36,314.38,339.482,353.666,345.221,361.675,381.332,401.24,425.329,419.195,405.126
TKM,Turkmenistan,41.162,35.617,31.995,27.518,33.443,33.932,30.604,30.556,32.025,37.605,37.466,38.0,39.89,44.52,46.447,48.232,49.372,55.89,56.666,50.171,57.109,62.182,64.533,66.374,68.032,70.231,70.164,70.193,78.035,85.647
TCA,Turks and Caicos Islands,0.029,0.029,0.033,0.04,0.044,0.048,0.048,0.055,0.059,0.066,0.07,0.073,0.099,0.103,0.103,0.121,0.143,0.165,0.172,0.18,0.183,0.183,0.183,0.187,0.198,0.205,0.216,0.231,0.238,0.231
TUV,Tuvalu,0.007,0.007,0.007,0.007,0.007,0.007,0.007,0.007,0.007,0.007,0.007,0.007,0.011,0.011,0.011,0.011,0.007,0.011,0.011,0.011,0.007,0.007,0.011,0.011,0.011,0.011,0.011,0.011,0.011,0.012
UGA,Uganda,0.762,0.78,0.798,0.798,0.708,0.926,1.018,1.061,1.209,1.254,1.361,1.418,1.446,1.512,1.607,2.018,2.383,2.71,2.78,3.0,3.57,3.824,3.627,3.755,4.097,4.522,4.805,5.226,5.385,5.531
UKR,Ukraine,705.83,632.537,589.06,510.2,419.266,389.865,351.409,340.243,328.579,298.204,285.337,303.559,295.673,307.017,310.363,313.118,332.67,336.364,325.533,277.294,294.078,307.953,303.953,297.294,257.585,223.912,234.2,223.232,231.694,223.229
ARE,United Arab Emirates,51.703,56.672,57.758,65.565,72.605,70.013,72.775,73.101,80.682,77.543,111.788,100.592,83.698,105.618,111.802,114.477,121.737,133.264,153.969,165.5,155.977,169.175,217.362,221.836,215.906,239.671,228.583,186.623,188.541,190.683
GBR,United Kingdom,600.479,608.579,593.093,578.842,575.108,566.811,588.444,562.561,567.814,560.952,567.504,576.195,560.301,571.771,573.216,569.927,567.528,559.249,544.812,494.294,512.024,469.804,487.796,477.901,439.058,422.491,399.11,388.088,380.139,369.878
USA,United States,5128.301,5078.89,5182.707,5283.438,5377.033,5438.906,5626.912,5703.707,5751.052,5830.298,5998.07,5900.437,5942.652,5991.96,6107.618,6131.893,6051.051,6128.43,5930.54,5491.036,5698.056,5565.294,5367.569,5514.029,5561.719,5412.432,5292.268,5253.606,5424.882,5284.697
URY,Uruguay,3.967,4.527,5.143,4.439,4.03,4.559,5.404,5.513,5.64,6.681,5.267,5.031,4.558,4.528,5.564,5.726,6.596,5.947,8.201,7.947,6.297,7.654,8.593,7.494,6.656,6.655,6.525,6.174,6.252,6.378
UZB,Uzbekistan,109.939,112.756,110.984,115.617,107.98,102.664,105.546,106.63,118.499,121.739,120.994,122.586,127.518,125.936,125.118,116.576,119.365,119.113,123.039,106.252,103.343,112.822,114.924,109.323,103.495,101.791,105.222,109.282,113.938,110.246
VUT,Vanuatu,0.066,0.066,0.062,0.062,0.062,0.066,0.084,0.084,0.081,0.084,0.084,0.088,0.084,0.084,0.059,0.059,0.048,0.099,0.095,0.121,0.121,0.132,0.114,0.106,0.154,0.132,0.147,0.139,0.145,0.155
VEN,Venezuela,121.822,115.052,105.578,123.968,129.531,132.875,122.34,133.484,166.802,172.562,151.871,171.974,192.746,191.457,151.268,163.823,160.16,149.924,168.69,169.572,184.083,170.4,190.974,182.85,184.136,170.899,163.191,146.673,129.596,116.688
VNM,Vietnam,21.2,21.263,21.324,22.711,26.019,28.523,34.023,44.309,46.555,46.658,52.332,59.529,68.661,76.277,87.8,94.859,99.13,100.577,113.244,122.833,136.113,145.048,135.686,140.893,159.583,184.436,185.432,182.584,211.774,247.709
WLF,Wallis and Futuna Islands,,,,,,,,,,,,0.015,0.026,0.026,0.026,0.029,0.029,0.029,0.022,0.029,0.029,0.026,0.026,0.022,0.022,0.022,0.026,0.026,0.027,0.029
YEM,Yemen,9.521,9.129,9.874,8.626,8.983,10.352,10.527,11.316,12.064,13.725,14.474,16.017,15.554,17.082,18.646,19.795,21.085,20.719,22.025,24.251,23.152,20.191,18.268,24.977,24.185,13.006,10.426,10.107,9.945,10.255
ZMB,Zambia,2.406,2.382,2.424,2.467,2.393,2.141,1.837,2.354,2.279,1.778,1.785,1.885,1.96,2.076,2.104,2.242,2.232,1.868,2.106,2.406,2.563,2.781,3.489,3.756,4.256,4.296,4.838,6.52,6.93,6.72
ZWE,Zimbabwe,15.569,15.865,16.917,16.259,17.684,15.029,14.891,14.294,14.14,15.728,13.818,12.509,11.897,10.608,9.429,10.7,10.365,9.834,7.719,5.476,7.864,9.48,7.659,11.617,11.973,12.17,10.815,10.247,11.341,10.374
